acm_test_final,0.0,0.5,114
acm_test_final,0.1,0.8281848892422052,229
acm_test_final,0.2,0.7573919233064008,345
acm_test_final,0.3,0.8857037727419907,458
acm_test_final,0.4,0.8547176854149359,573
acm_test_final,0.5,0.8743589883943161,689
acm_test_final,0.6,0.8216186650958311,804
acm_test_final,0.7,0.8589860784847895,917
acm_test_final,0.8,0.879734348874527,1031
acm_test_final,0.9,0.850374343619695,1145
acm_test_final,1.0,0.8168728949618878,1259
