acm_test_final,0.0,0.5,124
acm_test_final,0.1,0.8338324651772644,240
acm_test_final,0.2,0.8345630047196644,357
acm_test_final,0.3,0.8512635176131611,474
acm_test_final,0.4,0.8159201408699189,590
acm_test_final,0.5,0.7836103453662531,707
acm_test_final,0.6,0.8767448210641287,823
acm_test_final,0.7,0.805910117530549,937
acm_test_final,0.8,0.851223674786533,1051
acm_test_final,0.9,0.8655397234560457,1167
acm_test_final,1.0,0.8487818937353392,1282
