acm_test_final,0.0,0.5,115
acm_test_final,0.1,0.8740591934927664,232
acm_test_final,0.2,0.8238909167618613,350
acm_test_final,0.3,0.8101769842569781,465
acm_test_final,0.4,0.8708055030048965,582
acm_test_final,0.5,0.8515759969548923,696
acm_test_final,0.6,0.8248161440396605,812
acm_test_final,0.7,0.8142395314946755,926
acm_test_final,0.8,0.8614395965905908,1041
acm_test_final,0.9,0.8059403286038441,1156
acm_test_final,1.0,0.8109531562045124,1271
