acm_test_final,0.0,0.5,114
acm_test_final,0.1,0.8362528247879857,228
acm_test_final,0.2,0.8626456710584656,342
acm_test_final,0.3,0.8516191556310282,456
acm_test_final,0.4,0.8304452459560321,571
acm_test_final,0.5,0.7997925857183941,686
acm_test_final,0.6,0.8518989501704661,798
acm_test_final,0.7,0.817218953858954,911
acm_test_final,0.8,0.8655765135958251,1023
acm_test_final,0.9,0.7937931086752308,1136
acm_test_final,1.0,0.8305918801898308,1250
