acm_test_final,0.0,0.5,125
acm_test_final,0.1,0.8020746270353527,239
acm_test_final,0.2,0.8638263240134454,355
acm_test_final,0.3,0.7692396641286559,470
acm_test_final,0.4,0.8505745051384088,584
acm_test_final,0.5,0.8593809277389022,697
acm_test_final,0.6,0.8229017935903681,810
acm_test_final,0.7,0.817186163791597,923
acm_test_final,0.8,0.8369093103580402,1035
acm_test_final,0.9,0.7912975898089945,1148
acm_test_final,1.0,0.8487983150852837,1261
