acm_test_final,0.0,0.5,113
acm_test_final,0.1,0.8735691846210268,226
acm_test_final,0.2,0.8606004761349363,339
acm_test_final,0.3,0.8186555061839014,452
acm_test_final,0.4,0.8744531479938373,565
acm_test_final,0.5,0.8600200445734386,678
acm_test_final,0.6,0.8485588370652606,792
acm_test_final,0.7,0.8611475913037584,904
acm_test_final,0.8,0.7989747814381483,1016
acm_test_final,0.9,0.8124309724344483,1130
acm_test_final,1.0,0.7545404506271061,1241
