acm_test_final,0.0,0.5,114
acm_test_final,0.1,0.8032258584050154,228
acm_test_final,0.2,0.8228346871122298,341
acm_test_final,0.3,0.8577341084491215,454
acm_test_final,0.4,0.8508488785270639,568
acm_test_final,0.5,0.8765852392274891,680
acm_test_final,0.6,0.8658944667208711,793
acm_test_final,0.7,0.8327450770687639,908
acm_test_final,0.8,0.8646776552164944,1021
acm_test_final,0.9,0.8099219796400523,1134
acm_test_final,1.0,0.8366568321026444,1247
