acm_test_final,0.0,0.5,117
acm_test_final,0.1,0.8474083951835759,233
acm_test_final,0.2,0.8223582048011817,348
acm_test_final,0.3,0.8200528472726032,463
acm_test_final,0.4,0.8407233794127641,578
acm_test_final,0.5,0.8420725617348019,694
acm_test_final,0.6,0.8451656703679267,809
acm_test_final,0.7,0.7972174864639654,923
acm_test_final,0.8,0.7671080992203227,1039
acm_test_final,0.9,0.8531842892313418,1154
acm_test_final,1.0,0.8044898286579505,1269
