acm_test_final,0.0,0.5,113
acm_test_final,0.1,0.6324775038032268,224
acm_test_final,0.2,0.6328011412417152,335
acm_test_final,0.3,0.587349792017287,444
acm_test_final,0.4,0.5347222602346062,557
acm_test_final,0.5,0.7434070911599662,669
acm_test_final,0.6,0.7169576122851908,779
acm_test_final,0.7,0.615850939617012,889
acm_test_final,0.8,0.6035284533572607,1002
acm_test_final,0.9,0.8208705989203173,1113
acm_test_final,1.0,0.792851144252296,1224
