acm_test_final,0.0,0.5,112
acm_test_final,0.1,0.6328016675670338,224
acm_test_final,0.2,0.5244738115258508,336
acm_test_final,0.3,0.6328009833441195,448
acm_test_final,0.4,0.571200289099971,559
acm_test_final,0.5,0.5576155168283048,670
acm_test_final,0.6,0.5630487204610441,780
acm_test_final,0.7,0.5560821206447106,890
acm_test_final,0.8,0.6819148199314766,1001
acm_test_final,0.9,0.7366851799843113,1112
acm_test_final,1.0,0.7961104664210762,1223
