acm_test_final,0.0,0.5,112
acm_test_final,0.1,0.6328013517718426,223
acm_test_final,0.2,0.5689117213490602,334
acm_test_final,0.3,0.6328009833441195,445
acm_test_final,0.4,0.5695027320494644,556
acm_test_final,0.5,0.5978924565792139,668
acm_test_final,0.6,0.7458211874993947,780
acm_test_final,0.7,0.6978131077741618,892
acm_test_final,0.8,0.6899444389940533,1002
acm_test_final,0.9,0.7048525510146079,1114
acm_test_final,1.0,0.7914219078492789,1225
