acm_test_final,0.0,0.5,112
acm_test_final,0.1,0.6349838649710289,223
acm_test_final,0.2,0.5463987874306777,334
acm_test_final,0.3,0.6157289374081298,446
acm_test_final,0.4,0.5751524132857984,558
acm_test_final,0.5,0.7704132643243646,668
acm_test_final,0.6,0.6180083470984948,779
acm_test_final,0.7,0.8675956027835452,892
acm_test_final,0.8,0.5891805093734328,1002
acm_test_final,0.9,0.827644089977208,1113
acm_test_final,1.0,0.7962427319736736,1225
