acm_test_final,0.0,0.5,113
acm_test_final,0.1,0.6327923516088922,222
acm_test_final,0.2,0.6172719653450568,332
acm_test_final,0.3,0.5426469300286278,442
acm_test_final,0.4,0.5967524359388401,553
acm_test_final,0.5,0.6328036676032451,663
acm_test_final,0.6,0.7145534634942864,772
acm_test_final,0.7,0.6992056066699313,881
acm_test_final,0.8,0.7986422491017733,990
acm_test_final,0.9,0.7313347673242083,1099
acm_test_final,1.0,0.7902504655873769,1208
