acm_test_final,0.0,0.5,113
acm_test_final,0.1,0.6328013517718426,225
acm_test_final,0.2,0.6328011412417152,334
acm_test_final,0.3,0.6328009833441195,446
acm_test_final,0.4,0.545032078475526,558
acm_test_final,0.5,0.6930829168696528,670
acm_test_final,0.6,0.5804467196669245,782
acm_test_final,0.7,0.7571403398040469,892
acm_test_final,0.8,0.7913868545830514,1004
acm_test_final,0.9,0.8007208656830417,1116
acm_test_final,1.0,0.8008310255722525,1227
