acm_test_final,0.0,0.5,111
acm_test_final,0.1,0.5756252113196155,223
acm_test_final,0.2,0.6044938392568793,332
acm_test_final,0.3,0.5488709900852942,443
acm_test_final,0.4,0.5776725115444196,556
acm_test_final,0.5,0.7320142006781596,666
acm_test_final,0.6,0.6081273260947461,779
acm_test_final,0.7,0.6483840023208841,889
acm_test_final,0.8,0.7557194193410659,1000
acm_test_final,0.9,0.8242668709370318,1111
acm_test_final,1.0,0.7729329941552626,1223
