acm_test_final,0.0,0.5,112
acm_test_final,0.1,0.5932324248396919,225
acm_test_final,0.2,0.6328035623381812,338
acm_test_final,0.3,0.5549855218431323,448
acm_test_final,0.4,0.5693776771537338,559
acm_test_final,0.5,0.6328036676032451,671
acm_test_final,0.6,0.6349371272827256,783
acm_test_final,0.7,0.6477550961975311,896
acm_test_final,0.8,0.7646433177527003,1008
acm_test_final,0.9,0.837132314395587,1121
acm_test_final,1.0,0.784043353205974,1233
