acm_test_final,0.0,0.5,113
acm_test_final,0.1,0.6261328099835071,225
acm_test_final,0.2,0.5273222841508288,337
acm_test_final,0.3,0.5840649957030801,448
acm_test_final,0.4,0.7194142883429047,561
acm_test_final,0.5,0.5887961866256948,672
acm_test_final,0.6,0.7502142144047239,783
acm_test_final,0.7,0.5472492765132169,894
acm_test_final,0.8,0.7808205580143136,1005
acm_test_final,0.9,0.8276090893435123,1116
acm_test_final,1.0,0.7901809380127724,1228
