acm_test_final,0.0,0.5,4536
acm_test_final,0.1,0.8062773873379603,9069
acm_test_final,0.2,0.8269159715312739,13599
acm_test_final,0.3,0.8597615662094094,18135
acm_test_final,0.4,0.8523543794687651,22676
acm_test_final,0.5,0.87289043548999,27239
acm_test_final,0.6,0.8712676692672752,31768
acm_test_final,0.7,0.8400949996147299,36328
acm_test_final,0.8,0.8794723441308622,40873
acm_test_final,0.9,0.8393679338194333,45465
acm_test_final,1.0,0.7895950326679599,50055
