acm_test_final,0.0,0.5,4676
acm_test_final,0.1,0.8052092627361254,9373
acm_test_final,0.2,0.8726320623910244,14027
acm_test_final,0.3,0.8768701391225188,18713
acm_test_final,0.4,0.8122522849887388,23415
acm_test_final,0.5,0.7626551764937218,28084
acm_test_final,0.6,0.8543687843611485,32700
acm_test_final,0.7,0.8219067229427732,37332
acm_test_final,0.8,0.8303137698914127,42009
acm_test_final,0.9,0.7997334793851004,46685
acm_test_final,1.0,0.8113660584170577,51376
