acm_test_final,0.0,0.5,4538
acm_test_final,0.1,0.8273687692029793,9058
acm_test_final,0.2,0.8635956356262451,13571
acm_test_final,0.3,0.8476260307028716,18092
acm_test_final,0.4,0.8633098936107054,22606
acm_test_final,0.5,0.8161966195598489,27116
acm_test_final,0.6,0.873318390606651,31649
acm_test_final,0.7,0.8190428289859564,36197
acm_test_final,0.8,0.8425808340951014,40768
acm_test_final,0.9,0.8239648128366115,45347
acm_test_final,1.0,0.8325017568739139,49932
