acm_test_final,0.0,0.5,4816
acm_test_final,0.1,0.8558192843070422,9634
acm_test_final,0.2,0.8105877285357166,14453
acm_test_final,0.3,0.785069055987119,19266
acm_test_final,0.4,0.8626140915393417,24087
acm_test_final,0.5,0.831226944319413,28897
acm_test_final,0.6,0.8163288851124463,33688
acm_test_final,0.7,0.8749478411609138,38484
acm_test_final,0.8,0.8435191142408052,43293
acm_test_final,0.9,0.8373648975539346,48123
acm_test_final,1.0,0.7597347551976731,52947
