acm_test_final,0.0,0.5,4799
acm_test_final,0.1,0.7822996900575463,9596
acm_test_final,0.2,0.856255239568548,14413
acm_test_final,0.3,0.7833198664228447,19233
acm_test_final,0.4,0.8508753000580642,24067
acm_test_final,0.5,0.8570049899850818,28898
acm_test_final,0.6,0.844009438907736,33714
acm_test_final,0.7,0.8074855671071097,38545
acm_test_final,0.8,0.8595963000593274,43400
acm_test_final,0.9,0.8452768829077747,48264
acm_test_final,1.0,0.8616195472170655,53112
