acm_test_final,0.0,0.5,4571
acm_test_final,0.1,0.8435827469718399,9108
acm_test_final,0.2,0.8200088464759572,13640
acm_test_final,0.3,0.8506976652629922,18171
acm_test_final,0.4,0.8562745557077456,22702
acm_test_final,0.5,0.8580499562728926,27229
acm_test_final,0.6,0.8544085219227128,31759
acm_test_final,0.7,0.7564250110633582,36345
acm_test_final,0.8,0.816174145468739,40874
acm_test_final,0.9,0.8628820437591083,45399
acm_test_final,1.0,0.8091575973796579,49923
