acm_test_final,0.0,0.5,4793
acm_test_final,0.1,0.7960402019910255,9594
acm_test_final,0.2,0.7980963971137162,14413
acm_test_final,0.3,0.8215943488661057,19231
acm_test_final,0.4,0.8764319206621426,24058
acm_test_final,0.5,0.8757521715130001,28869
acm_test_final,0.6,0.8401915276781855,33667
acm_test_final,0.7,0.876668767055572,38472
acm_test_final,0.8,0.8609865357562262,43302
acm_test_final,0.9,0.808432268457913,48125
acm_test_final,1.0,0.8228921618370355,52940
