acm_test_final,0.0,0.5,5333
acm_test_final,0.1,0.6328015096694382,10719
acm_test_final,0.2,0.8818477029268319,16128
acm_test_final,0.3,0.810603728825406,21749
acm_test_final,0.4,0.7402146123066649,27436
acm_test_final,0.5,0.8573649438705627,33067
acm_test_final,0.6,0.8065683926066871,38704
acm_test_final,0.7,0.8640005376939456,44306
acm_test_final,0.8,0.8221174109678617,49987
acm_test_final,0.9,0.816427781639836,55719
acm_test_final,1.0,0.7912322728369398,61439
