acm_test_final,0.0,0.5,4814
acm_test_final,0.1,0.8191113565424553,9642
acm_test_final,0.2,0.84319331886851,14462
acm_test_final,0.3,0.8739125592589677,19279
acm_test_final,0.4,0.8184794503647856,24112
acm_test_final,0.5,0.827441507362028,28928
acm_test_final,0.6,0.8313013140869497,33730
acm_test_final,0.7,0.8170908462763747,38536
acm_test_final,0.8,0.8269970782628906,43350
acm_test_final,0.9,0.8359781356041394,48169
acm_test_final,1.0,0.8103286185813047,52984
