acm_test_final,0.0,0.5,5329
acm_test_final,0.1,0.87606854566209,10714
acm_test_final,0.2,0.8210619708062084,16119
acm_test_final,0.3,0.8617367598655471,21709
acm_test_final,0.4,0.8298560247617115,27370
acm_test_final,0.5,0.7864750288110479,32960
acm_test_final,0.6,0.8459310526464269,38553
acm_test_final,0.7,0.8608205327506983,44106
acm_test_final,0.8,0.8802373053491075,49741
acm_test_final,0.9,0.8243732412839475,55443
acm_test_final,1.0,0.8372258950372576,61122
