acm_test_final,0.0,0.5,4746
acm_test_final,0.1,0.8638344820558856,9485
acm_test_final,0.2,0.8631347325446314,14225
acm_test_final,0.3,0.8017181468969754,18989
acm_test_final,0.4,0.8337200947217149,23756
acm_test_final,0.5,0.8445472907509484,28517
acm_test_final,0.6,0.8088060646992767,33289
acm_test_final,0.7,0.8322650683780801,38063
acm_test_final,0.8,0.8531802365263876,42828
acm_test_final,0.9,0.8541965707168593,47584
acm_test_final,1.0,0.7446132708929045,52332
