acm_test_final,0.0,0.5,4803
acm_test_final,0.1,0.8569636208150295,9614
acm_test_final,0.2,0.8166297326646335,14441
acm_test_final,0.3,0.8398279947805372,19261
acm_test_final,0.4,0.8324589139929691,24071
acm_test_final,0.5,0.8763981832092118,28873
acm_test_final,0.6,0.8539464082928658,33673
acm_test_final,0.7,0.8605787388992727,38473
acm_test_final,0.8,0.8414876037755632,43273
acm_test_final,0.9,0.8811455849516433,48072
acm_test_final,1.0,0.7736533756190112,52878
