acm_test_final,0.0,0.5,6502
acm_test_final,0.1,0.8067675541072954,13005
acm_test_final,0.2,0.826590123526447,19504
acm_test_final,0.3,0.8438339620464707,26002
acm_test_final,0.4,0.8204225908090126,32502
acm_test_final,0.5,0.8389214520515529,39002
acm_test_final,0.6,0.8333479827213713,45499
acm_test_final,0.7,0.8135854670210872,52005
acm_test_final,0.8,0.8643108064693382,58505
acm_test_final,0.9,0.8174603792826566,65007
acm_test_final,1.0,0.8246808258002145,71504
