acm_test_final,0.0,0.5,6495
acm_test_final,0.1,0.8607281100247288,12988
acm_test_final,0.2,0.8437476446941987,19481
acm_test_final,0.3,0.8518447912951687,25973
acm_test_final,0.4,0.8188560887628702,32463
acm_test_final,0.5,0.8071087708114293,38958
acm_test_final,0.6,0.7881217954682969,45451
acm_test_final,0.7,0.8394005133566629,51945
acm_test_final,0.8,0.794746494357582,58436
acm_test_final,0.9,0.8493512198326117,64927
acm_test_final,1.0,0.7700681001803401,71420
