acm_test_final,0.0,0.5,6499
acm_test_final,0.1,0.8527096490589092,13002
acm_test_final,0.2,0.8547569492837134,19498
acm_test_final,0.3,0.8251335708393879,25999
acm_test_final,0.4,0.8372984752987107,32496
acm_test_final,0.5,0.8581276945224692,38994
acm_test_final,0.6,0.8244636113411739,45489
acm_test_final,0.7,0.8248700923848306,51990
acm_test_final,0.8,0.8439706487317454,58488
acm_test_final,0.9,0.8397632041338011,64987
acm_test_final,1.0,0.8397639409892473,71483
