acm_test_final,0.0,0.5,6518
acm_test_final,0.1,0.858451595123617,13031
acm_test_final,0.2,0.861620547235171,19540
acm_test_final,0.3,0.8525126454921079,26045
acm_test_final,0.4,0.8569032513009709,32556
acm_test_final,0.5,0.8780955823621227,39064
acm_test_final,0.6,0.8463160069845477,45571
acm_test_final,0.7,0.8223147829623862,52082
acm_test_final,0.8,0.788382010705878,58589
acm_test_final,0.9,0.8120832819288938,65098
acm_test_final,1.0,0.8223694681630026,71606
