acm_test_final,0.0,0.5,6502
acm_test_final,0.1,0.8487568932826994,13005
acm_test_final,0.2,0.8307260931461075,19503
acm_test_final,0.3,0.8740714042401609,26002
acm_test_final,0.4,0.8383391783514397,32507
acm_test_final,0.5,0.8405052175681498,39006
acm_test_final,0.6,0.8406934315021282,45505
acm_test_final,0.7,0.807208562091861,52004
acm_test_final,0.8,0.8072491944064671,58505
acm_test_final,0.9,0.8315188969737137,65003
acm_test_final,1.0,0.8145291683175735,71500
