acm_test_final,0.0,0.5,134
acm_test_final,0.1,0.8656469885560034,261
acm_test_final,0.2,0.8773259368485409,392
acm_test_final,0.3,0.8496487515352911,523
acm_test_final,0.4,0.87156451674704,653
acm_test_final,0.5,0.8131336167349557,783
acm_test_final,0.6,0.8089266458297981,913
acm_test_final,0.7,0.8013849303376861,1044
acm_test_final,0.8,0.8158761400732729,1175
acm_test_final,0.9,0.8455496246879417,1306
acm_test_final,1.0,0.8166222062125756,1434
