acm_test_final,0.0,0.5,129
acm_test_final,0.1,0.8386754475975775,256
acm_test_final,0.2,0.846114477020005,386
acm_test_final,0.3,0.8563886630368466,516
acm_test_final,0.4,0.8376687451604388,648
acm_test_final,0.5,0.8288505855053376,779
acm_test_final,0.6,0.8388764512368013,909
acm_test_final,0.7,0.7984743513250976,1039
acm_test_final,0.8,0.8469764399944926,1170
acm_test_final,0.9,0.7752134038637332,1300
acm_test_final,1.0,0.7877642626792822,1431
