acm_test_final,0.0,0.5,132
acm_test_final,0.1,0.8545891041395698,259
acm_test_final,0.2,0.8618371301038292,389
acm_test_final,0.3,0.8789582821920565,520
acm_test_final,0.4,0.8805968381743332,653
acm_test_final,0.5,0.8595124564360535,785
acm_test_final,0.6,0.8523978539400924,915
acm_test_final,0.7,0.8294055429214087,1047
acm_test_final,0.8,0.8187425603916199,1178
acm_test_final,0.9,0.8052915273834431,1309
acm_test_final,1.0,0.7642555212578585,1441
