acm_test_final,0.0,0.5,129
acm_test_final,0.1,0.8256493696517453,255
acm_test_final,0.2,0.8579559019384352,385
acm_test_final,0.3,0.8696581664425924,515
acm_test_final,0.4,0.8729077515929763,646
acm_test_final,0.5,0.8642088046225679,776
acm_test_final,0.6,0.8280300969659662,907
acm_test_final,0.7,0.8505115566302884,1037
acm_test_final,0.8,0.8605509489224438,1166
acm_test_final,0.9,0.7577204029378215,1297
acm_test_final,1.0,0.7750359269662568,1428
