acm_test_final,0.0,0.5,131
acm_test_final,0.1,0.6327880357412786,256
acm_test_final,0.2,0.8760828090782276,385
acm_test_final,0.3,0.8225027337337054,513
acm_test_final,0.4,0.8730150166929338,645
acm_test_final,0.5,0.8464999050509125,776
acm_test_final,0.6,0.8290664315185495,907
acm_test_final,0.7,0.8591543973217199,1038
acm_test_final,0.8,0.7932780467183196,1169
acm_test_final,0.9,0.8506878756120638,1300
acm_test_final,1.0,0.8045983569386731,1432
