acm_test_final,0.0,0.5,130
acm_test_final,0.1,0.8474772911677979,257
acm_test_final,0.2,0.8297876551028083,387
acm_test_final,0.3,0.7573342906839997,517
acm_test_final,0.4,0.8472472343709803,649
acm_test_final,0.5,0.8324025971838648,780
acm_test_final,0.6,0.7992483653388249,911
acm_test_final,0.7,0.8000250109791462,1041
acm_test_final,0.8,0.7899352493539883,1172
acm_test_final,0.9,0.7692390325382733,1303
acm_test_final,1.0,0.7569095987843147,1432
