acm_test_final,0.0,0.5,131
acm_test_final,0.1,0.8485290996847522,258
acm_test_final,0.2,0.8772720937684344,389
acm_test_final,0.3,0.7949509717439095,519
acm_test_final,0.4,0.8329858182695519,651
acm_test_final,0.5,0.8816864368491724,782
acm_test_final,0.6,0.8628615170716776,914
acm_test_final,0.7,0.8352722807191878,1045
acm_test_final,0.8,0.8187199284029143,1176
acm_test_final,0.9,0.8044751441815579,1307
acm_test_final,1.0,0.7852876388919884,1438
